id,sent
id305188118666018817,-0.006257646276595745
id401371902213488651,0.0022962837837837823
id432610292342587392,0.002212284569138276
id482906266654736404,0.002817197452229299
id828277316517888011,-0.0048734177215189872
id756403906543747122,-0.0066902500000000003
id737127811785031711,0.010230152671755725
id340495377017077761,0.010093975903614454